City ID,City,Country,Lat,Lng,Max Temp,Humidity,Cloudiness,Wind Speed,Current Description
0,Westport,US,41.1415,-73.3579,66.88,59,61,1.01,broken clouds
1,Codrington,AU,-38.2667,141.9667,45.09,95,98,7.29,overcast clouds
2,Koprivstica,RS,43.2349,22.6205,55.62,100,1,4.92,clear sky
3,Antalaha,MG,-14.9003,50.2788,65.7,82,0,7.87,clear sky
4,Rincon,US,32.296,-81.2354,65.86,59,100,18.41,overcast clouds
5,Khakhea,BW,-24.6895,23.494,70.09,28,5,11.34,clear sky
6,Vardo,NO,70.3705,31.1107,44.58,87,0,6.91,clear sky
7,Miraflores,MX,19.2167,-98.8083,68.04,56,81,4.0,broken clouds
8,Trincomalee,LK,8.5711,81.2335,80.82,76,96,21.85,overcast clouds
9,Cape Town,ZA,-33.9258,18.4232,62.1,84,0,8.05,clear sky
10,Arya,PK,33.6,73.0667,77.23,77,0,1.01,clear sky
11,Port Alfred,ZA,-33.5906,26.891,61.18,95,100,1.99,overcast clouds
12,Bonthe,SL,7.5264,-12.505,74.52,93,100,5.03,overcast clouds
13,Banda Aceh,ID,5.5577,95.3222,76.8,91,100,15.9,moderate rain
14,Ushuaia,AR,-54.8,-68.3,48.74,62,100,7.23,overcast clouds
15,Appleton,US,44.2619,-88.4154,62.69,56,94,7.0,overcast clouds
16,Luderitz,NA,-26.6481,15.1594,57.72,84,0,16.46,clear sky
17,Busselton,AU,-33.65,115.3333,56.03,67,0,13.2,clear sky
18,Axim,GH,4.8699,-2.2405,75.43,89,29,5.93,scattered clouds
19,Sakakah,SA,29.9697,40.2064,80.64,26,0,7.23,clear sky
20,Kuusamo,FI,65.9667,29.1833,37.44,75,75,8.05,broken clouds
21,Hope Mills,US,34.9704,-78.9453,66.6,63,75,10.36,broken clouds
22,Jamestown,US,42.097,-79.2353,61.02,45,0,4.0,clear sky
23,Saint-Joseph,RE,-21.3667,55.6167,72.46,83,23,11.7,few clouds
24,Hella,NO,67.2,14.4333,50.56,68,0,13.8,clear sky
25,Abha,SA,18.2164,42.5053,66.47,26,4,3.94,clear sky
26,Mar Del Plata,AR,-38.0023,-57.5575,54.95,70,100,5.01,overcast clouds
27,Wawina,HN,15.4167,-84.4333,85.14,67,90,9.95,overcast clouds
28,Chuy,UY,-33.6971,-53.4616,58.17,64,98,9.28,overcast clouds
29,Bilma,NE,18.6853,12.9164,94.28,18,95,8.95,overcast clouds
30,Bredasdorp,ZA,-34.5322,20.0403,55.81,95,100,5.28,overcast clouds
31,Coquimbo,CL,-29.9533,-71.3436,59.36,77,5,8.81,clear sky
32,Am Timan,TD,11.0297,20.2827,74.5,84,57,4.59,broken clouds
33,Saldanha,ZA,-33.0117,17.9442,60.26,87,100,17.02,overcast clouds
34,Viedma,AR,-40.8135,-62.9967,74.5,24,0,18.28,clear sky
35,Nanortalik,GL,60.1432,-45.2371,41.0,95,91,13.06,overcast clouds
36,Qaanaaq,GL,77.484,-69.3632,14.5,82,65,6.44,broken clouds
37,Bereda,ES,43.2686,-7.5406,53.58,100,27,2.64,scattered clouds
38,Sao Filipe,CV,14.8961,-24.4956,80.11,84,8,11.18,clear sky
39,Alvorada,BR,-12.48,-49.1247,101.12,14,73,5.97,broken clouds
40,Klaksvik,FO,62.2266,-6.589,47.32,83,100,24.83,overcast clouds
41,Kavaratti,IN,10.5669,72.642,80.89,74,100,11.88,overcast clouds
42,Upernavik,GL,72.7868,-56.1549,20.46,86,16,8.68,few clouds
43,Sao Joao Da Barra,BR,-21.6403,-41.0511,69.08,90,100,15.41,overcast clouds
44,Raudeberg,NO,61.9875,5.1352,51.87,49,28,10.94,scattered clouds
45,Lebu,CL,-37.6167,-73.65,53.96,78,100,13.42,overcast clouds
46,Iqaluit,CA,63.7506,-68.5145,31.73,93,100,17.27,light snow
47,Geraldton,AU,-28.7667,114.6,57.61,72,7,6.91,clear sky
48,Ajdabiya,LY,30.7554,20.2263,84.56,42,9,7.7,clear sky
49,Humberto De Campos,BR,-2.5983,-43.4611,83.53,61,43,9.6,scattered clouds
50,Dhidhdhoo,MV,6.8833,73.1,80.67,77,100,10.11,overcast clouds
51,Bambous Virieux,MU,-20.3428,57.7575,67.21,72,17,13.06,few clouds
52,Kasongo-Lunda,CD,-6.4667,16.8167,71.56,86,11,0.38,few clouds
53,Mahebourg,MU,-20.4081,57.7,67.24,72,11,12.68,few clouds
54,Aguimes,ES,27.9054,-15.4461,70.66,78,75,17.27,broken clouds
55,Hithadhoo,MV,-0.6,73.0833,81.66,74,100,10.96,overcast clouds
56,Mindelo,CV,16.8901,-24.9804,81.95,74,40,28.77,scattered clouds
57,Sikonge,TZ,-5.6333,32.7667,74.44,36,30,5.46,scattered clouds
58,Winneba,GH,5.3511,-0.6231,75.92,86,42,6.38,scattered clouds
59,Murray,US,40.6669,-111.888,83.37,37,0,18.41,clear sky
60,Georgetown,MY,5.4112,100.3354,80.89,87,20,0.0,thunderstorm
61,Elliot,ZA,-31.3333,27.85,57.96,90,77,4.9,broken clouds
62,Saint-Louis,SN,16.3333,-15.0,94.64,38,100,5.82,overcast clouds
63,Saquarema,BR,-22.92,-42.5103,66.47,87,100,10.07,overcast clouds
64,Albany,US,42.6001,-73.9662,63.23,59,4,5.77,clear sky
65,Tasiilaq,GL,65.6145,-37.6368,33.96,86,100,6.96,overcast clouds
66,Hermanus,ZA,-34.4187,19.2345,58.8,85,100,9.55,overcast clouds
67,Wickede,DE,51.4833,7.8667,49.89,86,20,6.91,few clouds
68,Sorland,NO,67.667,12.6934,51.66,71,100,4.52,overcast clouds
69,Yarkovo,RU,57.4028,67.0786,24.75,87,32,3.29,scattered clouds
70,Aswan,EG,24.0934,32.907,92.21,16,0,10.54,clear sky
71,Dingle,PH,10.9995,122.6711,75.07,94,100,4.83,overcast clouds
72,Sarab,IR,38.6066,44.9883,70.29,19,0,4.45,clear sky
73,Kashi,CN,39.4547,75.9797,68.09,17,69,0.27,broken clouds
74,Dikson,RU,73.5069,80.5464,35.08,83,42,18.12,scattered clouds
75,Margate,GB,51.3813,1.3862,50.31,71,22,5.26,few clouds
76,Saint George,US,37.1041,-113.5841,91.44,29,55,3.0,broken clouds
77,Manturovo,RU,58.3353,44.7619,38.89,99,100,3.65,overcast clouds
78,Lagoa,PT,39.05,-27.9833,67.35,63,5,4.85,clear sky
79,Narsaq,GL,60.9167,-46.05,44.82,82,98,1.19,overcast clouds
80,Darovskoy,RU,58.77,47.9564,35.58,99,100,7.52,overcast clouds
81,General Roca,AR,-39.0333,-67.5833,79.63,26,0,24.96,clear sky
82,Hamilton,US,39.1834,-84.5333,68.99,57,75,8.05,broken clouds
83,Caravelas,BR,-17.7125,-39.2481,76.98,76,20,6.85,few clouds
84,Tshikapa,CD,-6.4167,20.8,71.04,90,39,2.8,light rain
85,Rocha,UY,-34.4833,-54.3333,56.3,66,100,8.99,overcast clouds
86,Bridgewater,CA,44.3835,-64.5155,67.1,68,74,9.22,broken clouds
87,Rusape,ZW,-18.5278,32.1284,56.16,55,0,5.77,clear sky
88,Calderitas,MX,18.55,-88.25,88.23,46,14,4.54,few clouds
89,The Valley,AI,18.217,-63.0578,79.11,77,100,15.19,overcast clouds
90,Megion,RU,61.0296,76.1136,30.22,74,22,8.41,few clouds
91,Den Helder,NL,52.9599,4.7593,54.01,92,100,1.14,overcast clouds
92,Nuuk,GL,64.1835,-51.7216,36.21,100,100,3.44,overcast clouds
93,East London,ZA,-33.0153,27.9116,65.59,92,100,8.81,moderate rain
94,Qom,IR,34.6401,50.8764,80.98,12,0,3.02,clear sky
95,Kruisfontein,ZA,-34.0033,24.7314,61.0,88,100,9.62,overcast clouds
96,Provins,FR,48.5833,3.1667,49.96,66,61,5.35,broken clouds
97,Bathsheba,BB,13.2167,-59.5167,77.54,82,100,3.11,overcast clouds
98,Ribeira Grande,PT,38.5167,-28.7,68.4,64,40,9.22,scattered clouds
99,Sfantu Gheorghe,RO,45.8667,25.7833,59.27,86,23,1.21,few clouds
100,Souillac,MU,-20.5167,57.5167,69.21,74,7,10.78,clear sky
101,Marsh Harbour,BS,26.5412,-77.0636,83.05,76,100,24.9,light rain
102,Husavik,IS,66.0449,-17.3389,46.11,83,100,9.24,overcast clouds
103,Jaen,ES,38.0,-3.5,61.25,83,100,7.96,overcast clouds
104,Zheleznodorozhnyy,RU,55.7503,38.0042,50.43,89,46,5.48,scattered clouds
105,Jamame,SO,0.0722,42.7506,75.61,84,39,13.6,scattered clouds
106,Polunochnoye,RU,60.8697,60.4153,20.93,92,37,1.59,scattered clouds
107,Noyabrsk,RU,63.1994,75.4507,25.88,68,11,8.75,few clouds
108,Victoria,HK,22.2855,114.1577,83.25,88,98,8.01,light rain
109,Nizhniy Baskunchak,RU,48.2198,46.8311,67.6,62,33,3.15,scattered clouds
110,Yayva,RU,59.3303,57.2641,27.18,65,0,9.66,clear sky
111,Laje,BR,-10.1833,-40.9667,88.63,22,100,10.33,overcast clouds
112,Cubuk,TR,40.2386,33.0322,68.77,62,0,0.0,clear sky
113,Masvingo,ZW,-20.0637,30.8277,66.15,47,0,8.57,clear sky
114,Tahta,EG,26.7693,31.5021,91.0,23,0,8.19,clear sky
115,Tessalit,ML,20.1986,1.0114,97.12,13,91,6.85,overcast clouds
116,Shihezi,CN,44.3,86.0333,53.28,68,98,11.01,overcast clouds
117,Piskavica,BA,44.8681,16.9736,60.03,82,99,4.79,overcast clouds
118,Shache,CN,38.4167,77.2406,65.71,18,4,2.73,clear sky
119,Road Town,VG,18.4167,-64.6167,81.75,75,100,12.64,overcast clouds
120,Razole,IN,16.4833,81.8333,75.87,94,100,2.93,overcast clouds
121,Matay,EG,28.419,30.7792,89.87,25,0,15.35,clear sky
122,Mezhdurechensk,RU,53.6942,88.0603,28.08,91,99,5.82,overcast clouds
123,Namibe,AO,-15.1961,12.1522,68.25,85,97,2.57,overcast clouds
124,Lebrija,ES,36.9208,-6.0753,67.84,88,20,8.05,few clouds
125,Uribia,CO,11.7139,-72.266,86.34,63,91,11.39,overcast clouds
126,Sarny,UA,51.338,26.6019,50.41,97,91,3.53,overcast clouds
127,Ostrovnoy,RU,68.0531,39.5131,35.87,69,99,10.4,overcast clouds
128,Punta Arenas,CL,-53.15,-70.9167,55.11,56,68,17.31,broken clouds
129,Vigrestad,NO,58.5667,5.7,50.59,71,76,1.32,broken clouds
130,Peiting,DE,47.8,10.9333,45.73,93,100,3.44,light rain
131,Manta,EC,-0.95,-80.7333,76.28,70,8,15.55,clear sky
132,Barra Do Corda,BR,-5.5,-45.25,99.86,23,55,5.12,broken clouds
133,Marsa Matruh,EG,31.3525,27.2453,82.17,60,0,14.25,clear sky
134,Qandala,SO,11.472,49.8728,87.67,59,56,2.13,broken clouds
135,Akonolinga,CM,3.7667,12.25,67.98,97,15,2.33,light rain
136,Inhambane,MZ,-23.865,35.3833,70.03,85,0,8.75,clear sky
137,Saint-Philippe,RE,-21.3585,55.7679,69.39,84,42,11.12,light rain
138,Chicama,PE,-7.8447,-79.1469,59.54,62,43,10.4,scattered clouds
139,Kargasok,RU,59.0556,80.8572,29.7,91,84,11.23,broken clouds
140,Rudbar,AF,30.15,62.6,76.5,16,0,0.67,clear sky
141,Modasa,IN,23.4667,73.3,76.33,79,9,7.56,clear sky
142,Kifri,IQ,34.6959,44.9661,83.88,14,0,8.52,clear sky
143,Utinga,BR,-5.8172,-35.3954,81.45,69,75,11.5,broken clouds
144,Beloha,MG,-25.1667,45.05,66.78,74,0,10.16,clear sky
145,Sensuntepeque,SV,13.8667,-88.6333,78.64,73,85,1.99,overcast clouds
146,Setermoen,NO,68.861,18.3486,48.16,88,43,5.19,scattered clouds
147,Manyana,BW,-23.4,21.7167,71.15,28,28,9.48,scattered clouds
148,Cidreira,BR,-30.1811,-50.2056,61.99,63,97,13.09,overcast clouds
149,Gat,IL,31.61,34.7642,81.39,100,0,5.28,clear sky
150,Filadelfia,US,39.9523,-75.1638,70.43,49,75,10.36,broken clouds
151,Sur,OM,22.5667,59.5289,80.13,76,0,15.41,clear sky
152,Oriximina,BR,-1.7656,-55.8661,96.87,32,39,7.87,scattered clouds
153,Pisco,PE,-13.7,-76.2167,64.45,72,0,9.22,clear sky
154,Hauterive,FR,46.0901,3.4459,52.56,87,99,3.53,overcast clouds
155,Puerto Ayora,EC,-0.7393,-90.3518,76.96,93,51,5.99,broken clouds
156,Gamba,GA,-2.65,10.0,75.27,83,2,4.81,clear sky
157,Maraa,BR,-1.8333,-65.3667,95.52,38,99,1.95,overcast clouds
158,Richards Bay,ZA,-28.783,32.0377,71.1,87,13,12.3,few clouds
159,Divnomorskoye,RU,44.5011,38.1353,65.16,81,3,4.12,clear sky
160,Turinsk,RU,58.0458,63.696,23.76,84,10,4.5,clear sky
161,Cefalu,IT,38.0386,14.0229,74.53,58,0,5.99,clear sky
162,Sisimiut,GL,66.9395,-53.6735,37.38,94,100,12.68,overcast clouds
163,Raahe,FI,64.6833,24.4833,41.09,88,100,7.0,overcast clouds
164,Severnoye,RU,56.3491,78.3619,25.68,91,79,10.45,broken clouds
165,Grand Gaube,MU,-20.0064,57.6608,67.37,78,3,3.0,moderate rain
166,Gornyak,RU,50.9942,81.4661,26.06,69,71,5.68,broken clouds
167,Arraial Do Cabo,BR,-22.9661,-42.0278,67.86,88,100,12.66,overcast clouds
168,Buraydah,SA,26.326,43.975,78.4,14,0,12.44,clear sky
169,Gurlan,UZ,41.8447,60.3919,59.07,31,57,15.73,broken clouds
170,Shushtar,IR,32.0455,48.8567,85.03,13,0,1.86,clear sky
171,Khipro,PK,25.8285,69.3772,83.48,53,57,12.48,broken clouds
172,Faya,SA,18.3851,42.4509,64.92,24,4,5.35,clear sky
173,San Cristobal,VE,7.7669,-72.225,82.89,50,68,3.49,broken clouds
174,Belmonte,BR,-15.8631,-38.8828,76.87,73,6,8.41,clear sky
175,Mafinga,TZ,-7.25,35.0667,73.85,40,100,7.85,overcast clouds
176,Sandnessjoen,NO,66.0217,12.6316,50.41,64,0,5.75,clear sky
177,Filingue,NE,14.3521,3.3168,92.79,38,17,8.99,few clouds
178,Ambovombe,MG,-25.1667,46.0833,67.32,64,0,7.76,clear sky
179,Riyadh,SA,24.6877,46.7219,82.54,14,0,7.92,clear sky
180,Fez,MA,34.0372,-4.9998,66.45,59,40,12.66,scattered clouds
181,El Ejido,ES,36.7763,-2.8146,67.14,59,90,12.33,overcast clouds
182,Itaituba,BR,-4.2761,-55.9836,95.31,31,100,3.76,overcast clouds
183,Alenquer,BR,-1.9417,-54.7383,95.0,35,99,6.78,overcast clouds
184,Cockburn Town,TC,21.4612,-71.1419,81.14,74,21,9.15,few clouds
185,Derzhavinsk,KZ,51.1,66.3167,33.93,40,95,6.76,overcast clouds
186,Bentiu,SS,9.2333,29.8333,71.64,96,100,9.44,moderate rain
187,Cochrane,CA,51.1834,-114.4687,59.61,81,100,5.23,overcast clouds
188,Talnakh,RU,69.4865,88.3972,28.18,98,100,4.61,overcast clouds
189,Port Elizabeth,ZA,-33.918,25.5701,64.83,86,100,12.33,overcast clouds
190,Ler,SS,8.3018,30.1418,70.12,97,100,3.96,moderate rain
191,Magaria,NE,12.9983,8.9099,86.97,48,7,7.94,clear sky
192,Atar,MR,20.5169,-13.0499,94.57,22,21,10.04,few clouds
193,Saint Anthony,US,45.0205,-93.218,71.35,34,0,14.97,clear sky
194,West Bay,KY,19.3667,-81.4167,87.08,82,40,9.22,scattered clouds
195,Maltahohe,NA,-24.8333,16.9833,72.84,18,44,9.91,scattered clouds
196,Olafsvik,IS,64.8945,-23.7142,47.52,93,100,23.82,overcast clouds
197,Palasa,IN,18.7667,84.4167,78.8,86,99,5.1,overcast clouds
198,Rawson,AR,-43.3002,-65.1023,76.05,28,0,24.81,clear sky
199,Muros,ES,42.7762,-9.0603,58.08,89,5,8.43,clear sky
200,Bluefields,NI,12.0137,-83.7635,85.64,69,100,4.56,overcast clouds
201,San Carlos De Bariloche,AR,-41.1456,-71.3082,65.95,24,0,18.41,clear sky
202,Longyearbyen,SJ,78.2186,15.6401,40.84,93,75,2.3,broken clouds
203,Puerto Carreno,CO,6.189,-67.4859,91.04,51,43,4.18,scattered clouds
204,Bubaque,GW,11.2833,-15.8333,80.46,76,100,6.35,light rain
205,Vizinga,RU,61.0749,50.1031,33.33,84,100,9.46,light snow
206,Betsiamites,CA,48.9413,-68.646,55.49,48,14,7.92,few clouds
207,Dzaoudzi,YT,-12.7887,45.2699,75.09,83,0,4.61,clear sky
208,Bansang,GM,13.4333,-14.65,83.16,72,98,2.1,overcast clouds
209,Kulhudhuffushi,MV,6.6221,73.07,80.6,76,100,9.66,overcast clouds
210,Mozhaysk,RU,55.5019,36.0272,47.73,87,62,6.82,broken clouds
211,Ambilobe,MG,-13.2,49.05,66.78,72,0,4.09,clear sky
212,Ipixuna,BR,-1.7625,-48.8043,83.48,70,81,4.65,broken clouds
213,Rudraprayag,IN,30.2833,78.9833,67.57,86,1,3.71,clear sky
214,Ponta Do Sol,PT,32.6667,-17.1,72.23,78,37,4.94,scattered clouds
215,Iralaya,HN,15.0,-83.2333,82.49,80,7,14.29,clear sky
216,Guider,CM,9.9342,13.9486,74.39,87,64,3.78,broken clouds
217,Grindavik,IS,63.8424,-22.4338,50.47,93,100,12.66,moderate rain
218,Alghero,IT,40.5589,8.3181,68.09,83,20,8.05,few clouds
219,Jaszarokszallas,HU,47.6424,19.9804,56.21,91,50,5.03,scattered clouds
220,Mintlaw,GB,57.5241,-2.001,53.17,37,13,13.13,few clouds
221,Arshan,RU,46.2732,44.22,62.98,77,6,2.24,clear sky
222,Copiapo,CL,-27.3667,-70.3333,55.09,29,0,9.64,clear sky
223,Charlottesville,US,38.0293,-78.4767,70.45,56,0,14.97,clear sky
224,Hobyo,SO,5.3505,48.5268,77.02,83,74,20.69,broken clouds
225,Clyde River,CA,70.4692,-68.5914,27.66,87,100,3.85,overcast clouds
226,Vestmannaeyjar,IS,63.4427,-20.2734,50.07,93,100,13.78,light rain
227,Caraballeda,VE,10.6112,-66.8522,83.14,79,100,1.41,overcast clouds
228,Paita,PE,-5.0892,-81.1144,68.76,72,13,18.79,few clouds
229,Piranshahr,IR,36.701,45.1413,66.54,15,0,5.48,clear sky
230,Coihaique,CL,-45.5752,-72.0662,50.36,85,100,6.73,overcast clouds
231,Zhezkazgan,KZ,47.8043,67.7144,36.1,28,50,14.03,scattered clouds
232,Lubango,AO,-14.9172,13.4925,62.02,72,48,4.07,scattered clouds
233,Oussouye,SN,12.485,-16.5469,79.7,83,100,6.38,overcast clouds
234,Mantua,IT,45.1667,10.7833,63.09,85,100,1.99,overcast clouds
235,Anzio,IT,41.4853,12.6179,68.0,78,79,8.23,broken clouds
236,Shahr-E Babak,IR,30.1165,55.1186,69.62,14,0,9.71,clear sky
237,Skelleftea,SE,64.7507,20.9528,44.01,100,75,8.05,light rain
238,Vilkija,LT,55.05,23.5833,48.61,83,100,6.91,overcast clouds
239,Aljezur,PT,37.3191,-8.8033,64.2,86,78,16.17,broken clouds
240,Saint-Augustin,CA,51.226,-58.6502,54.88,58,99,12.24,overcast clouds
241,Crepaja,RS,45.0094,20.6356,64.63,75,40,8.7,scattered clouds
242,Roald,NO,62.5833,6.1333,55.17,82,0,3.44,clear sky
243,Naryan-Mar,RU,67.6713,53.087,27.9,79,11,8.52,few clouds
244,Muscat,OM,23.6139,58.5922,86.02,74,1,3.74,clear sky
245,Salinopolis,BR,-0.6136,-47.3561,82.42,74,46,15.05,scattered clouds
246,Porto Torres,IT,40.835,8.3972,68.18,80,71,9.75,broken clouds
247,Fougamou,GA,-1.2154,10.5838,74.57,91,92,0.18,overcast clouds
248,Cap-Aux-Meules,CA,47.3821,-61.8597,51.39,85,5,16.44,clear sky
249,Adrar,MR,20.5022,-10.0711,94.68,18,6,14.74,clear sky
250,Aranda De Duero,ES,41.6704,-3.6892,51.04,71,85,16.26,overcast clouds
251,Oum Hadjer,TD,13.2954,19.6966,82.27,53,14,4.88,few clouds
252,Anloga,GH,5.7947,0.8973,77.74,83,11,9.42,few clouds
253,Camopi,GF,3.1655,-52.3158,95.32,30,69,4.5,broken clouds
254,Quatre Cocos,MU,-20.2078,57.7625,67.08,73,22,13.22,few clouds
255,Scarborough,GB,54.2797,-0.4044,49.91,88,0,7.87,clear sky
256,Vangaindrano,MG,-23.35,47.6,63.99,79,0,4.5,clear sky
257,Severomorsk,RU,69.0689,33.4162,25.2,62,6,6.91,clear sky
258,Mecca,SA,21.4267,39.8261,87.08,39,0,1.28,clear sky
259,Nantucket,US,41.2835,-70.0995,64.09,67,20,14.97,few clouds
260,Lasa,IT,46.6166,10.7002,47.7,96,100,4.09,overcast clouds
261,Los Llanos De Aridane,ES,28.6585,-17.9182,69.55,85,75,14.97,broken clouds
262,Jam Sahib,PK,26.2958,68.6292,81.73,57,5,12.86,clear sky
263,Toila,EE,59.4236,27.5025,45.97,86,100,2.57,overcast clouds
264,Bojnurd,IR,37.4747,57.329,69.62,41,0,4.14,clear sky
265,Mumford,GH,5.2618,-0.759,76.15,87,17,6.8,few clouds
266,Porto Walter,BR,-8.2686,-72.7439,82.92,67,97,5.59,overcast clouds
267,Bengkulu,ID,-3.8004,102.2655,74.48,90,97,4.65,overcast clouds
268,Tuymazy,RU,54.6067,53.7097,40.98,91,100,10.29,overcast clouds
269,Jega,NG,12.2175,4.3792,82.31,68,76,6.06,broken clouds
270,Marienburg,PL,54.0359,19.0266,45.88,67,100,5.61,overcast clouds
271,Tocopilla,CL,-22.092,-70.1979,62.89,67,20,8.66,few clouds
272,Marawi,PH,7.9986,124.2928,68.43,93,100,1.54,overcast clouds
273,Castro,BR,-24.7911,-50.0119,53.24,93,100,7.78,overcast clouds
274,Rock Falls,US,41.7798,-89.689,67.86,39,0,6.91,clear sky
275,Marabba,SD,12.35,32.1833,81.86,59,99,8.5,overcast clouds
276,Mangrol,IN,21.1167,70.1167,78.98,77,7,8.57,clear sky
277,Taperoa,BR,-7.2075,-36.8267,86.4,31,98,12.77,overcast clouds
278,Ferry Pass,US,30.5102,-87.2125,80.17,44,0,12.66,clear sky
279,Elliot Lake,CA,46.3834,-82.6331,55.78,39,24,6.67,few clouds
280,Masumbwe,TZ,-3.6333,32.1833,72.41,51,28,4.56,scattered clouds
281,Kalisz,PL,51.7611,18.091,48.29,65,51,3.51,broken clouds
282,Korla,CN,41.7597,86.1469,66.83,21,72,18.48,broken clouds
283,Torbay,CA,47.6666,-52.7314,59.76,91,100,1.99,overcast clouds
284,Vvedenskoye,RU,55.4753,65.0847,26.19,77,6,3.04,clear sky
285,Dulce Nombre De Culmi,HN,15.1,-85.5333,93.43,73,98,2.1,overcast clouds
286,Arcachon,FR,44.5875,-1.0519,55.45,76,20,5.75,few clouds
287,Touros,BR,-5.1989,-35.4608,78.31,69,63,16.08,broken clouds
288,La Rioja,ES,42.25,-2.5,47.98,90,93,11.68,overcast clouds
289,Buchanan,LR,5.8808,-10.0467,74.88,90,100,2.44,overcast clouds
290,Havoysund,NO,70.9963,24.6622,44.83,77,83,12.5,broken clouds
291,North Myrtle Beach,US,33.816,-78.68,67.21,77,100,19.57,overcast clouds
292,Rocky Mount,US,35.9382,-77.7905,69.96,49,40,18.41,scattered clouds
293,Vestmanna,FO,62.1564,-7.1664,45.52,93,100,16.11,light rain
294,Staryy Nadym,RU,65.6118,72.6842,28.94,83,78,5.82,broken clouds
295,Arlit,NE,18.7369,7.3853,99.37,13,6,6.24,clear sky
296,Ayaviri,PE,-14.8864,-70.5889,64.62,7,8,11.9,clear sky
297,Ambikapur,IN,23.1167,83.2,71.92,88,78,2.37,broken clouds
298,Soyo,AO,-6.1349,12.3689,75.22,86,12,8.1,light rain
299,Boa Vista,BR,2.8197,-60.6733,94.98,36,40,8.05,scattered clouds
300,Ilulissat,GL,69.2167,-51.1,37.42,81,75,0.0,broken clouds
301,Turayf,SA,31.6725,38.6637,77.76,35,0,8.75,clear sky
302,Inongo,CD,-1.95,18.2667,72.18,89,97,3.76,overcast clouds
303,Lunino,RU,53.5918,45.2271,51.26,91,100,3.44,overcast clouds
304,Nargana,PA,9.4428,-78.5906,82.35,80,100,8.57,overcast clouds
305,Stornoway,GB,58.2093,-6.3865,51.93,84,75,14.97,broken clouds
306,Murdochville,CA,48.9583,-65.5006,45.1,68,95,9.17,overcast clouds
307,Camacha,PT,33.0833,-16.3333,67.42,68,75,13.8,broken clouds
308,Saint-Leu,RE,-21.15,55.2833,72.95,100,1,8.1,clear sky
309,Nador,MA,35.174,-2.9287,70.05,68,20,14.97,few clouds
310,Port Hawkesbury,CA,45.6169,-61.3485,63.91,82,75,10.36,broken clouds
311,Traverse City,US,44.7631,-85.6206,63.84,47,75,0.0,broken clouds
312,Carnarvon,AU,-24.8667,113.6333,68.36,69,0,20.24,clear sky
313,Carutapera,BR,-1.195,-46.02,82.98,67,44,9.55,scattered clouds
314,General Pico,AR,-35.6566,-63.7568,71.6,23,100,12.57,overcast clouds
315,Ankpa,NG,7.3706,7.6253,72.25,93,74,2.13,moderate rain
316,Ercis,TR,39.0287,43.3586,61.29,35,0,1.03,clear sky
317,Cabinda,AO,-5.55,12.2,75.33,87,4,7.47,clear sky
318,Brigantine,US,39.4101,-74.3646,69.21,61,20,13.8,few clouds
319,Hofn,IS,64.2539,-15.2082,47.32,97,100,13.27,overcast clouds
320,Saint-Francois,FR,46.4154,3.9054,48.67,93,0,2.3,clear sky
321,Wazirganj,IN,28.2167,79.05,76.84,70,4,1.23,clear sky
322,Sovetskiy,RU,61.3614,63.5842,25.72,75,6,2.86,clear sky
323,Cayenne,GF,4.9333,-52.3333,87.84,66,11,12.66,few clouds
324,Talcahuano,CL,-36.7167,-73.1167,56.88,72,75,8.05,broken clouds
325,Beyneu,KZ,45.3167,55.2,62.22,47,95,18.57,overcast clouds
326,Sena Madureira,BR,-9.0656,-68.6569,79.59,77,100,4.52,light rain
327,Epanomi,GR,40.4264,22.9286,76.89,58,0,5.75,clear sky
328,Akropong,GH,5.9746,-0.0854,70.56,88,88,4.41,overcast clouds
329,Novomalorossiyskaya,RU,45.6348,39.8948,65.08,68,4,3.91,clear sky
330,Rovaniemi,FI,66.5,25.7167,36.81,87,0,10.36,clear sky
331,Rozhyshche,UA,50.9154,25.2691,53.13,99,97,5.19,overcast clouds
332,Bertoua,CM,4.5833,13.6833,68.31,94,77,0.22,broken clouds
333,Cleethorpes,GB,53.5605,-0.0323,53.85,82,0,8.32,clear sky
334,Oranjestad,AW,12.524,-70.027,84.15,74,40,8.05,scattered clouds
335,Paamiut,GL,61.994,-49.6678,40.39,79,100,20.54,overcast clouds
336,Altay,CN,47.8667,88.1167,34.47,69,100,7.07,overcast clouds
337,Kosh-Agach,RU,50.0,88.6667,18.86,64,94,5.84,overcast clouds
338,Bandarbeyla,SO,9.4942,50.8122,77.81,84,38,24.14,scattered clouds
339,Laguna,US,38.421,-121.4238,87.06,38,0,10.36,clear sky
340,Muli,MV,2.9167,73.5667,79.79,80,100,21.32,overcast clouds
341,Jagdalpur,IN,19.0667,82.0333,72.66,94,100,0.49,overcast clouds
342,Pancas,BR,-19.225,-40.8514,75.33,76,90,8.16,overcast clouds
343,Rafaela,AR,-31.2503,-61.4867,75.99,21,70,1.99,broken clouds
344,Itarantim,BR,-15.6597,-40.0656,85.14,41,57,8.41,broken clouds
345,San Juan,AR,-31.5375,-68.5364,69.73,31,96,7.2,overcast clouds
346,Nioro,GM,13.35,-15.75,79.52,87,100,6.89,overcast clouds
347,Dakar,SN,14.6937,-17.4441,81.48,81,97,10.69,overcast clouds
348,Pasrur,PK,32.2641,74.6634,80.44,68,0,3.53,clear sky
349,Saint-Pierre,RE,-21.3393,55.4781,73.56,77,0,11.5,clear sky
350,San Rafael,AR,-34.6177,-68.3301,67.98,34,77,18.19,broken clouds
351,Sokolo,ML,14.7328,-6.1219,92.19,37,69,8.81,broken clouds
352,Diego De Almagro,CL,-26.3667,-70.05,70.99,14,0,10.38,clear sky
353,Kemijarvi,FI,66.7131,27.4306,36.09,83,100,7.14,overcast clouds
354,Mitsamiouli,KM,-11.3847,43.2844,75.47,73,19,1.21,few clouds
355,Salihorsk,BY,52.7876,27.5415,49.6,98,100,2.8,overcast clouds
356,Bam,IR,29.106,58.357,79.52,11,0,7.87,clear sky
357,Brae,GB,60.3964,-1.353,51.44,87,82,11.92,broken clouds
358,Miranda,CO,3.2499,-76.2281,80.73,70,95,0.47,overcast clouds
359,Harper,LR,4.375,-7.7169,76.35,86,43,7.14,scattered clouds
360,Lorca,ES,37.6712,-1.7017,69.58,44,100,14.99,overcast clouds
361,Necochea,AR,-38.5473,-58.7368,62.17,43,100,12.19,overcast clouds
362,Hearst,CA,49.6835,-83.6665,57.79,55,94,10.27,overcast clouds
363,Bellefontaine,US,40.3612,-83.7597,64.2,60,100,12.66,overcast clouds
364,Constitucion,CL,-35.3333,-72.4167,58.24,76,66,5.03,broken clouds
365,Puerto Concordia,CO,2.6221,-72.7572,90.45,53,95,3.67,overcast clouds
366,Camabatela,AO,-8.1881,15.375,64.6,89,86,0.36,light rain
367,Lardos,GR,36.0942,28.0157,80.42,75,8,4.43,clear sky
368,Gazanjyk,TM,39.2446,55.5154,73.62,30,4,3.49,clear sky
369,York,US,40.1254,-77.0,66.78,52,20,11.5,few clouds
370,Vyshkov,RU,52.4764,31.6873,54.72,77,100,10.4,overcast clouds
371,Soledade,BR,-28.8183,-52.5103,54.18,78,100,6.26,overcast clouds
372,Marzuq,YE,14.4,46.4667,77.4,49,6,3.04,clear sky
373,Omboue,GA,-1.5746,9.2618,75.96,84,1,5.82,clear sky
374,Cacalchen,MX,20.9833,-89.2333,87.98,48,34,10.16,scattered clouds
375,Alta Floresta,BR,-9.8756,-56.0861,93.07,30,87,4.27,overcast clouds
376,Kamina,CD,-8.7386,24.9906,67.55,76,90,3.15,overcast clouds
377,Tallahassee,US,30.4383,-84.2807,79.68,49,40,18.41,scattered clouds
378,Vieux-Habitants,GP,16.0589,-61.7659,80.71,75,100,8.63,overcast clouds
379,Yining,CN,29.0361,114.5636,71.55,81,3,1.28,clear sky
380,Amapa,BR,1.0,-52.0,85.57,52,99,5.75,overcast clouds
381,Chapais,CA,49.7834,-74.8492,49.78,52,99,9.06,overcast clouds
382,Goito,IT,45.2549,10.6721,60.78,88,100,1.99,overcast clouds
383,Mazara Del Vallo,IT,37.6641,12.588,74.89,80,0,12.75,clear sky
384,San Borja,BO,-14.8167,-66.85,66.27,81,100,4.63,overcast clouds
385,Nedjo,ET,9.5046,35.5019,55.96,94,14,0.94,light rain
386,Cacoal,BR,-11.4386,-61.4472,82.6,67,100,5.93,overcast clouds
387,Taltal,CL,-25.4,-70.4833,61.03,65,23,6.82,few clouds
388,Ghanzi,BW,-21.5667,21.7833,71.22,28,5,9.51,clear sky
389,Irtyshskiy,RU,58.3333,68.1333,22.59,88,13,5.03,few clouds
390,Cabedelo,BR,-6.9811,-34.8339,79.47,74,51,12.46,broken clouds
391,Palmas De Monte Alto,BR,-14.2672,-43.1619,93.4,21,3,8.34,clear sky
392,Gravdal,NO,68.1214,13.5031,42.69,87,0,2.3,clear sky
393,Maragogi,BR,-9.0122,-35.2225,76.48,74,88,8.14,overcast clouds
394,Chipinge,ZW,-20.1883,32.6236,59.94,51,0,4.99,clear sky
395,Mercedes,AR,-34.6515,-59.4307,66.04,22,100,11.7,overcast clouds
396,Henties Bay,NA,-22.116,14.2845,56.12,93,21,3.02,few clouds
397,Sao Jose Da Coroa Grande,BR,-8.8978,-35.1478,76.95,73,87,8.52,overcast clouds
398,Ippy,CF,6.2679,21.2247,69.24,95,96,2.91,light rain
399,Vila Velha,BR,-20.3297,-40.2925,73.35,91,75,12.66,broken clouds
400,Chapleau,CA,47.8405,-83.4034,59.09,44,20,9.22,few clouds
401,Torbat-E Jam,IR,35.244,60.6225,71.08,22,0,4.23,clear sky
402,Santa Cruz De La Palma,ES,28.6835,-17.7642,71.74,83,75,14.97,broken clouds
403,Wilmington,US,34.2257,-77.9447,66.9,75,100,17.27,light rain
404,Puerto Del Rosario,ES,28.5004,-13.8627,73.15,68,40,16.11,scattered clouds
405,San Andres,CO,12.5847,-81.7006,83.34,72,21,4.32,few clouds
406,Iquitos,PE,-3.7481,-73.2472,95.04,52,40,8.05,scattered clouds
407,Ayagoz,KZ,47.9714,80.4392,24.13,62,7,10.22,clear sky
408,Podgornoye,RU,51.735,39.1496,50.22,100,100,2.24,fog
409,La Sarre,CA,48.8002,-79.1996,58.03,41,22,10.87,few clouds
410,Bonfim,BR,3.0833,-59.95,79.81,77,100,9.22,light rain
411,Taoudenni,ML,22.6783,-3.9836,95.99,13,0,10.78,clear sky
412,Sol-Iletsk,RU,51.1631,54.9918,54.73,67,97,18.52,overcast clouds
413,Maraba,BR,-5.3686,-49.1178,96.98,36,20,11.5,few clouds
414,Venado Tuerto,AR,-33.7456,-61.9688,67.77,17,99,8.95,overcast clouds
415,Lincoln,US,40.8,-96.667,79.14,40,0,16.11,clear sky
416,Borba,BR,-4.3878,-59.5939,100.36,25,96,6.29,overcast clouds
417,Lukovetskiy,RU,64.2956,41.9211,34.18,92,100,9.4,overcast clouds
418,Inta,RU,66.0317,60.1659,27.81,73,13,6.04,few clouds
419,Sinnamary,GF,5.3833,-52.95,81.41,81,53,13.0,broken clouds
420,Loubomo,CG,-4.1997,12.6739,76.21,73,39,4.32,scattered clouds
421,Jesup,US,31.6074,-81.8854,69.73,52,75,21.85,broken clouds
422,Abu Kamal,SY,34.4506,40.9171,82.53,37,0,11.14,clear sky
423,Nanga Eboko,CM,4.6833,12.3667,67.89,97,29,0.72,scattered clouds
424,Fereydun Kenar,IR,36.6864,52.5225,75.04,85,38,8.61,scattered clouds
425,Alberton,CA,46.8168,-64.0654,57.11,68,36,12.35,scattered clouds
426,Abu Samrah,SY,35.3029,37.1841,73.27,66,0,7.99,clear sky
427,Yabelo,ET,4.8833,38.0833,65.52,50,94,10.89,overcast clouds
428,Itarema,BR,-2.9248,-39.9167,80.15,72,48,17.02,scattered clouds
429,Awbari,LY,26.5921,12.7805,90.81,13,59,8.21,broken clouds
430,Cordoba,AR,-31.4135,-64.1811,69.76,35,0,8.05,light rain
431,Jalu,LY,29.0331,21.5482,92.46,14,0,6.69,clear sky
432,Barcelos,PT,41.5388,-8.6151,61.92,86,0,8.95,clear sky
433,Ugoofaaru,MV,5.6667,73.0,80.89,76,83,10.25,broken clouds
434,Hambantota,LK,6.1241,81.1185,79.39,82,99,18.68,overcast clouds
435,Potsdam,DE,52.3989,13.0657,52.29,62,98,4.07,overcast clouds
436,Garowe,SO,8.4054,48.4845,79.61,60,100,13.47,moderate rain
437,Banihal,IN,33.4167,75.2,61.84,69,0,2.04,clear sky
438,Diffa,NE,13.3154,12.6113,83.77,55,36,8.16,light rain
439,Isla Mujeres,MX,21.2311,-86.731,82.45,70,35,15.99,scattered clouds
440,Mahajanga,MG,-15.7167,46.3167,69.82,83,20,2.3,few clouds
441,Salalah,OM,17.0151,54.0924,80.69,83,75,4.61,broken clouds
442,Tete,MZ,-16.1564,33.5867,84.29,37,0,10.36,clear sky
443,Ladson,US,32.9857,-80.1098,66.2,72,100,23.02,overcast clouds
444,Ellsworth,US,44.5434,-68.4195,64.26,58,100,9.22,overcast clouds
445,Atbasar,KZ,51.8,68.3333,29.23,53,6,6.98,clear sky
446,Ankara,TR,39.9199,32.8543,69.21,65,0,3.44,clear sky
447,Dioknisi,GE,41.6293,42.3917,57.81,69,20,1.39,few clouds
448,Aragarcas,BR,-15.8975,-52.2508,94.6,29,92,6.42,overcast clouds
449,Havelock,US,34.8791,-76.9013,69.76,77,100,5.99,overcast clouds
450,Rey Bouba,CM,8.6724,14.1786,74.3,88,100,2.77,overcast clouds
451,Shilovo,RU,54.3204,40.874,52.83,90,100,6.31,overcast clouds
452,Lodwar,KE,3.1191,35.5973,88.3,30,100,9.71,overcast clouds
453,Esna,EG,25.2934,32.554,91.18,15,0,5.73,clear sky
454,Acopiara,BR,-6.0953,-39.4525,93.25,22,76,4.43,broken clouds
455,Midland,US,31.9974,-102.0779,88.05,26,0,8.05,clear sky
456,Pangody,RU,65.85,74.4859,30.99,74,99,5.61,overcast clouds
457,Tibati,CM,6.4667,12.6333,65.95,96,29,1.5,scattered clouds
458,Manavgat,TR,36.7867,31.4431,75.78,75,0,3.74,clear sky
459,Tiruvannamalai,IN,12.2167,79.0667,78.39,75,100,2.08,overcast clouds
460,Gboko,NG,7.3179,8.9951,75.61,79,10,2.91,clear sky
461,Kudahuvadhoo,MV,2.6708,72.8944,78.35,83,100,21.65,overcast clouds
462,Gemena,CD,3.25,19.7667,69.58,96,76,1.28,broken clouds
463,Mkushi,ZM,-13.6202,29.3939,68.34,40,0,9.4,clear sky
464,Prainha,BR,-1.8,-53.48,93.83,37,94,4.59,overcast clouds
465,Julio De Castilhos,BR,-29.2269,-53.6817,53.42,89,100,12.84,overcast clouds
466,Dharchula,IN,29.85,80.5333,63.41,79,0,5.44,clear sky
467,Diez,DE,50.3667,8.0167,50.05,88,27,0.63,scattered clouds
468,Soma,TR,39.1855,27.6094,68.95,76,0,1.07,clear sky
469,Larsnes,NO,62.2028,5.5773,53.01,75,52,5.5,broken clouds
470,Yar-Sale,RU,66.8333,70.8333,32.25,70,100,2.66,overcast clouds
471,Valparaiso,CL,-33.0393,-71.6273,61.0,94,100,5.75,mist
472,Madras,IN,13.0878,80.2785,82.38,78,75,3.44,mist
473,Nieuw Amsterdam,SR,5.8833,-55.0833,93.36,49,40,6.91,scattered clouds
474,Rio Maior,PT,39.3373,-8.9391,62.44,86,1,5.01,clear sky
475,Thompson,CA,55.7435,-97.8558,57.36,62,75,8.05,broken clouds
476,Oranjemund,NA,-28.55,16.4333,56.62,93,3,7.23,clear sky
477,Houma,US,29.5958,-90.7195,75.99,44,0,17.27,clear sky
478,San Julian,MX,21.0167,-102.1667,71.71,34,7,6.02,clear sky
479,Pangnirtung,CA,66.1451,-65.7125,34.23,65,100,4.16,overcast clouds
480,Uyuni,BO,-20.4597,-66.825,55.45,6,0,28.66,clear sky
481,Dwarka,IN,22.2394,68.9678,80.19,70,48,7.43,scattered clouds
482,Gulu,UG,2.7746,32.299,65.26,87,84,3.51,light rain
483,Bykovo,RU,55.6361,38.0803,50.41,100,100,4.47,fog
484,Santarem,BR,-2.4431,-54.7083,89.73,62,20,11.5,few clouds
485,Upata,VE,8.0086,-62.3989,87.19,73,89,0.47,overcast clouds
486,San Pedro De Macoris,DO,18.4616,-69.2972,87.93,72,82,6.82,broken clouds
487,Kampene,CD,-3.6,26.6667,64.94,98,100,1.45,light rain
488,Jumla,NP,29.2747,82.1838,52.02,85,6,4.27,clear sky
489,Praia Da Vitoria,PT,38.7333,-27.0667,71.85,68,75,2.91,broken clouds
490,Macau,MO,22.2006,113.5461,80.4,89,40,13.8,scattered clouds
491,Olinda,BR,-8.0089,-34.8553,80.33,65,20,8.05,few clouds
492,Placido De Castro,BR,-10.3353,-67.1856,74.88,95,83,8.46,broken clouds
493,Palaikastron,GR,35.2,26.25,78.24,66,8,4.94,clear sky
494,Liepaja,LV,56.5419,21.0367,46.38,100,75,3.44,broken clouds
495,Balkanabat,TM,39.5108,54.3671,75.85,48,1,4.9,clear sky
496,Cururupu,BR,-1.8283,-44.8683,83.34,64,76,6.22,broken clouds
497,Morondava,MG,-20.2833,44.2833,75.61,82,2,10.2,clear sky
498,Togur,RU,58.3631,82.8265,32.49,94,100,12.39,light snow
499,Harbour Breton,CA,47.4833,-55.7983,55.29,89,100,13.62,overcast clouds
500,Hualmay,PE,-11.0964,-77.6139,65.97,70,6,12.26,clear sky
501,Takoradi,GH,4.8845,-1.7554,75.4,88,5,7.0,clear sky
502,Serebryansk,KZ,49.6925,83.2892,22.78,90,9,6.42,clear sky
503,Najran,SA,17.4924,44.1277,74.05,17,66,1.28,broken clouds
504,Svetlyy,RU,54.675,20.1347,48.96,80,55,7.49,broken clouds
505,Yegorlykskaya,RU,46.5656,40.6562,64.72,67,8,2.33,clear sky
506,Spokoynaya,RU,44.2468,41.4015,57.7,87,2,4.12,clear sky
507,Herat,AF,34.5,62.0,69.53,19,0,7.83,clear sky
508,Chokwe,MZ,-24.5333,32.9833,73.26,67,0,6.58,clear sky
509,Baracoa,CU,20.3467,-74.4958,83.35,75,100,3.02,overcast clouds
510,Tucurui,BR,-3.7661,-49.6725,93.94,34,84,2.8,broken clouds
511,Waddan,LY,29.1614,16.139,88.56,34,51,10.69,broken clouds
512,Nalut,LY,30.3333,10.85,82.98,22,0,10.33,clear sky
513,Trapani,IT,37.8333,12.6667,73.24,83,0,8.05,clear sky
514,Nouakchott,MR,18.0858,-15.9785,87.73,82,89,13.94,overcast clouds
515,South River,US,40.4465,-74.386,70.18,51,100,4.0,overcast clouds
516,Maceio,BR,-9.6658,-35.7353,78.24,73,0,11.5,clear sky
517,Antofagasta,CL,-23.65,-70.4,60.08,70,27,9.28,scattered clouds
518,Teteven,BG,42.9167,24.2667,64.83,67,96,3.74,light rain
519,Jiwani,PK,25.05,61.7417,79.0,76,0,6.49,clear sky
520,Turukhansk,RU,65.8167,87.9833,23.61,88,100,6.11,overcast clouds
521,Kasangulu,CD,-4.5911,15.1708,76.3,69,31,2.55,light rain
522,Navashino,RU,55.5292,42.2003,55.29,88,100,4.52,overcast clouds
523,Shelburne,CA,44.0787,-80.2041,62.24,51,1,5.48,clear sky
524,Manoel Urbano,BR,-8.8389,-69.2597,79.81,72,84,4.03,light rain
525,Idlib,SY,35.9306,36.6339,70.81,77,0,7.99,clear sky
526,Kesinga,IN,20.2,83.2333,76.96,90,100,1.25,overcast clouds
527,Plettenberg Bay,ZA,-34.0527,23.3716,60.55,93,99,5.12,overcast clouds
528,Menongue,AO,-14.6585,17.691,75.67,28,95,3.94,overcast clouds
529,Awjilah,LY,29.1081,21.2869,92.43,14,0,7.29,clear sky
530,Catamarca,AR,-28.4696,-65.7852,71.06,50,76,1.01,broken clouds
531,Peru,US,40.7537,-86.0689,67.59,52,0,4.61,clear sky
532,Ritchie,ZA,-29.038,24.6028,78.01,24,1,10.69,clear sky
533,Nouadhibou,MR,20.931,-17.0347,78.78,65,43,13.8,scattered clouds
534,Joshimath,IN,30.5667,79.5667,62.22,82,49,2.39,scattered clouds
535,Lindi,TZ,-10.0,39.7167,71.29,84,99,3.94,overcast clouds
536,Cap Malheureux,MU,-19.9842,57.6142,67.46,78,2,1.99,moderate rain
537,Marsaxlokk,MT,35.8419,14.5431,77.07,69,20,4.61,few clouds
538,Gao,ML,16.6362,1.637,95.67,25,9,7.94,clear sky
539,Concarneau,FR,47.875,-3.9225,54.39,84,0,9.57,clear sky
540,Kirkwall,GB,58.9848,-2.9587,51.96,87,72,10.36,broken clouds
541,Luau,AO,-10.7073,22.2247,68.58,67,57,1.79,broken clouds
542,Renfrew,GB,55.872,-4.3925,55.33,92,20,2.3,few clouds
543,Maniitsoq,GL,65.4167,-52.9,37.92,97,100,13.67,light rain
544,Padang,ID,-0.9492,100.3543,76.69,85,100,4.63,overcast clouds
545,Strezhevoy,RU,60.7333,77.5889,25.25,81,25,7.05,scattered clouds
546,Moen,NO,69.1304,18.6123,48.92,61,75,8.05,broken clouds
547,Rena,NO,61.1348,11.3641,40.06,92,78,1.19,broken clouds
548,Goderich,CA,43.7501,-81.7165,57.52,58,0,6.91,clear sky
549,Synya,RU,65.3718,58.0387,25.99,78,13,4.63,few clouds
550,Comodoro Rivadavia,AR,-45.8667,-67.5,71.46,15,0,11.5,clear sky
551,Puerto Narino,CO,-3.7703,-70.3831,91.29,49,80,2.59,broken clouds
552,Bud,US,39.447,-86.1758,69.91,55,0,8.86,clear sky
553,Ikom,NG,5.9667,8.7063,73.8,97,94,2.75,moderate rain
554,Bjelovar,HR,45.8986,16.8489,56.52,97,100,2.39,overcast clouds
555,Dhadar,IN,28.3305,75.0632,83.08,44,0,7.16,clear sky
556,Namsos,NO,64.4662,11.4957,50.05,71,0,4.61,clear sky
557,Zlobin,HR,45.2924,14.6541,53.67,91,75,5.75,heavy intensity rain
558,Columbia,US,34.0007,-81.0348,67.64,53,100,17.27,overcast clouds
559,Emba,KZ,48.8264,58.1442,51.62,34,100,15.97,overcast clouds
560,Tabuk,PH,17.4189,121.4443,73.38,91,93,2.44,overcast clouds
561,Sychevka,RU,55.8252,34.2736,52.32,77,100,12.95,overcast clouds
562,Lake City,US,30.1897,-82.6393,73.65,56,100,14.97,overcast clouds
563,Bokoro,TD,12.3807,17.0568,81.61,63,10,4.18,clear sky
564,Faaborg,DK,55.0951,10.2423,53.6,87,26,7.49,scattered clouds
565,Bamako,ML,12.65,-8.0,81.01,83,20,0.0,few clouds
566,Dalvik,IS,65.9702,-18.5286,48.13,86,100,5.79,overcast clouds
567,Ouahigouya,BF,13.5828,-2.4216,86.09,49,5,8.72,clear sky
568,Baijiantan,CN,45.6333,85.1833,52.77,47,100,17.98,overcast clouds
569,Castro-Urdiales,ES,43.3829,-3.2204,61.02,73,55,13.76,broken clouds
570,Mazsalaca,LV,57.8633,25.0547,41.83,93,96,3.27,overcast clouds
571,Dasoguz,TM,41.8363,59.9666,64.35,29,0,11.5,clear sky
572,Chagoda,RU,59.164,35.3285,43.29,97,100,6.29,light rain
573,Arona,ES,28.0996,-16.681,66.72,82,75,4.61,broken clouds
574,Taylorville,US,39.5489,-89.2945,66.92,37,0,6.91,clear sky
575,Envira,BR,-7.3,-70.2167,93.97,38,75,3.0,broken clouds
576,Westonaria,ZA,-26.3191,27.6486,68.07,39,0,8.79,clear sky
577,Benguela,AO,-12.5763,13.4055,73.78,86,97,4.43,overcast clouds
578,Khokhryaki,RU,56.9156,53.3221,37.06,95,100,1.99,moderate rain
579,Vuktyl,RU,63.8567,57.3094,27.52,74,3,6.31,clear sky
580,Thinadhoo,MV,0.5333,72.9333,79.93,77,100,9.19,overcast clouds
581,Bonavista,CA,48.6499,-53.1147,55.17,90,100,7.38,light rain
582,Ceyhan,TR,37.0247,35.8175,75.04,79,0,1.34,clear sky
583,Gobabis,NA,-22.45,18.9667,72.46,23,6,13.53,clear sky
584,Uarini,BR,-2.99,-65.1083,95.92,37,100,3.33,overcast clouds
585,Beisfjord,NO,68.3751,17.5988,50.05,83,18,7.58,few clouds
586,Narasannapeta,IN,18.4167,84.05,78.19,89,100,5.41,overcast clouds
587,Ayabaca,PE,-4.6398,-79.7149,61.72,48,63,7.38,broken clouds
588,Grand-Santi,GF,4.25,-54.3833,94.35,38,87,1.97,overcast clouds
589,Koulamoutou,GA,-1.1303,12.4736,70.83,98,82,0.81,moderate rain
590,Banamba,ML,13.55,-7.45,82.09,55,97,7.94,overcast clouds
591,Lucea,JM,18.451,-78.1736,84.06,77,100,5.79,overcast clouds
592,Veraval,IN,20.9,70.3667,78.76,79,8,9.33,clear sky
593,Bandundu,CD,-3.3167,17.3667,75.07,82,11,3.58,few clouds
594,Ourossogui,SN,15.6064,-13.3211,93.81,46,100,4.45,overcast clouds
595,Golpayegan,IR,33.4537,50.2884,67.44,14,0,3.27,clear sky
596,Chake Chake,TZ,-5.2459,39.7666,74.46,78,48,11.7,scattered clouds
597,Lambarene,GA,-0.7001,10.2406,77.13,80,82,2.84,broken clouds
598,Wagar,SD,16.1525,36.2032,93.58,28,67,8.16,broken clouds
599,Acarau,BR,-2.8856,-40.12,80.76,71,36,18.39,scattered clouds
600,Igrim,RU,63.1906,64.4162,26.22,81,36,2.39,scattered clouds
601,Vologda,RU,59.2187,39.8886,39.69,97,100,6.29,light rain
602,Treuchtlingen,DE,48.95,10.9167,48.38,93,100,1.72,overcast clouds
603,Yarensk,RU,62.1675,49.0916,31.46,92,100,8.77,snow
604,Ampanihy,MG,-24.7,44.75,66.45,68,0,6.24,clear sky
605,Impfondo,CG,1.6381,18.0667,72.79,80,35,0.92,scattered clouds
606,Bulawayo,ZW,-20.15,28.5833,65.97,40,0,10.45,clear sky
607,Treinta Y Tres,UY,-33.2333,-54.3833,60.06,62,100,10.92,overcast clouds
608,Tazovskiy,RU,67.4667,78.7,32.97,76,100,9.19,overcast clouds
609,Honningsvag,NO,70.9821,25.9704,44.35,81,0,11.5,clear sky
610,Lima,PE,-12.0432,-77.0282,62.85,63,0,10.36,clear sky
611,Aketi,CD,2.7388,23.7833,70.3,89,99,1.3,overcast clouds
612,Sawakin,SD,19.1059,37.3321,86.43,55,3,7.27,clear sky
613,Sao Bento,BR,-6.2833,-37.75,89.74,23,86,6.04,overcast clouds
614,Bela Vista Do Paraiso,BR,-22.9967,-51.1906,72.64,75,100,12.01,overcast clouds
615,Molina,CL,-35.1167,-71.2833,56.93,77,100,5.75,haze
616,Campoverde,PE,-8.4753,-74.8058,96.49,36,97,4.32,overcast clouds
617,Landerneau,FR,48.4525,-4.2525,57.78,100,20,4.61,mist
618,Tabou,CI,4.423,-7.3528,76.03,87,20,6.26,few clouds
619,Bafq,IR,31.6128,55.4107,78.08,14,0,1.72,clear sky
620,Umm Lajj,SA,25.0213,37.2685,85.48,55,0,7.43,clear sky
621,Iquique,CL,-20.2208,-70.1431,60.84,67,5,8.61,clear sky
622,Pedernales,DO,18.0384,-71.744,83.1,70,7,4.99,clear sky
623,Neuquen,AR,-38.9516,-68.0591,80.49,21,0,16.11,clear sky
624,Krasnoselkup,RU,65.7,82.4667,25.74,88,38,8.25,scattered clouds
625,Santa Rosa,PH,14.3122,121.1114,79.11,91,65,5.93,broken clouds
626,Kisarawe,TZ,-6.9,39.0667,70.02,85,96,7.78,overcast clouds
627,Marechal Deodoro,BR,-9.7103,-35.895,78.21,71,89,8.03,overcast clouds
628,Santa Vitoria Do Palmar,BR,-33.5189,-53.3681,58.51,63,99,9.62,overcast clouds
629,Manosque,FR,43.8288,5.7869,57.56,65,96,5.23,overcast clouds
630,Ribeira Brava,PT,32.65,-17.0667,72.23,80,37,4.32,scattered clouds
631,Sechura,PE,-5.5569,-80.8222,76.78,54,13,16.62,few clouds
632,Santiago Del Estero,AR,-27.7951,-64.2615,76.46,25,34,6.22,scattered clouds
633,Straumen,NO,63.8709,11.2999,46.4,73,58,4.27,broken clouds
634,Segou,ML,13.4317,-6.2157,84.51,53,97,7.25,overcast clouds
635,Sabha,LY,27.0377,14.4283,91.18,11,8,10.2,clear sky
636,Springs,ZA,-26.25,28.4,67.66,64,0,8.03,clear sky
637,Saverne,FR,48.8333,7.25,48.33,89,96,1.39,overcast clouds
638,Bosaso,SO,11.2842,49.1816,86.36,64,8,3.47,clear sky
639,Ostersund,SE,63.1792,14.6357,43.25,100,75,2.3,broken clouds
640,Kapoeta,SS,4.7717,33.5903,82.13,49,99,3.78,overcast clouds
641,Senador Jose Porfirio,BR,-2.5908,-51.9542,90.03,49,93,0.83,overcast clouds
642,Inirida,CO,3.8653,-67.9239,92.93,46,100,3.04,overcast clouds
643,Villa Carlos Paz,AR,-31.4241,-64.4978,66.4,29,100,7.0,light rain
644,Barmer,IN,25.75,71.3833,83.82,52,21,11.23,few clouds
645,Elat,IL,29.5581,34.9482,87.64,30,0,11.5,clear sky
646,Livingston,GB,55.9029,-3.5226,52.11,90,0,2.3,clear sky
647,Makungu,TZ,-8.7333,35.2833,63.59,57,100,3.6,overcast clouds
648,Turkistan,KZ,43.0,68.0,61.54,30,100,13.31,overcast clouds
649,Gainesville,US,29.6516,-82.3248,70.68,68,100,16.11,overcast clouds
650,Amilly,FR,47.9728,2.7719,50.14,73,84,4.47,broken clouds
651,Moyale,KE,3.5167,39.0584,75.52,39,90,6.55,overcast clouds
652,Karpogory,RU,64.0019,44.4451,33.04,94,100,10.36,overcast clouds
653,Siniscola,IT,40.5719,9.6922,63.95,85,31,6.8,scattered clouds
654,Leningradskiy,RU,69.3833,178.4167,19.69,77,54,7.56,broken clouds
655,Landeck,AT,47.1301,10.5636,48.94,100,100,1.99,overcast clouds
656,Hendek,TR,40.7994,30.7481,68.7,54,0,4.16,clear sky
657,Aspindza,GE,41.5739,43.2483,57.09,71,6,2.21,clear sky
658,Nguruka,TZ,-5.1092,31.0419,74.82,35,64,3.0,broken clouds
659,Raga,SS,8.4596,25.678,70.38,94,75,4.5,broken clouds
660,Eregli,TR,37.5133,34.0467,70.05,46,9,3.27,clear sky
661,Semnan,IR,35.5729,53.3971,76.08,15,0,3.85,clear sky
662,Rognedino,RU,53.8015,33.5576,47.5,88,100,7.29,overcast clouds
663,Mollendo,PE,-17.0231,-72.0147,62.91,73,0,9.51,clear sky
664,Iranshahr,IR,27.2025,60.6848,84.54,39,0,0.0,clear sky
665,Jibuti,DJ,11.5,42.5,82.72,58,3,9.62,clear sky
666,Praia,CV,14.9215,-23.5087,81.14,78,20,11.5,few clouds
667,Quba,AZ,41.3626,48.5152,62.78,64,37,6.82,scattered clouds
668,Weligama,LK,5.9667,80.4167,77.65,87,100,11.21,overcast clouds
669,Bali,ID,-8.5,115.0,77.97,89,100,1.43,overcast clouds
670,Kayunga,UG,0.7025,32.8886,63.09,96,91,2.28,overcast clouds
671,Ilo,PE,-17.6394,-71.3375,63.46,72,0,8.05,clear sky
672,Vitkov,CZ,49.7744,17.7494,48.04,87,100,5.14,overcast clouds
673,San Carlos,VE,9.6612,-68.5827,82.24,82,100,1.86,overcast clouds
674,Pachino,IT,36.7186,15.0907,74.43,69,0,6.73,clear sky
675,Camenca,MD,48.0319,28.6978,64.65,81,99,4.52,overcast clouds
676,Sokoni,TZ,-6.4333,39.55,75.99,77,64,17.02,broken clouds
677,Sirsa,IN,29.5333,75.0167,80.02,56,0,5.77,clear sky
678,Vila Franca Do Campo,PT,37.7167,-25.4333,71.2,70,88,3.74,overcast clouds
679,Karlshamn,SE,56.1706,14.8619,48.9,85,97,5.55,overcast clouds
680,Santa Isabel Do Rio Negro,BR,-0.4139,-65.0192,94.5,39,98,4.14,overcast clouds
681,Karaton,ID,-6.3424,106.1045,73.74,91,99,1.59,overcast clouds
682,Matara,LK,5.9485,80.5353,77.41,87,100,11.1,overcast clouds
683,Schruns,AT,47.0709,9.9475,40.51,100,100,2.17,overcast clouds
684,Colquechaca,BO,-18.6667,-66.0167,49.69,9,3,19.3,clear sky
685,Piacabucu,BR,-10.4056,-36.4344,76.37,72,15,8.7,few clouds
686,Polyarnyy,RU,69.1989,33.4478,36.19,60,5,9.31,clear sky
687,Colares,PT,38.7992,-9.4469,64.08,88,0,21.0,clear sky
688,Ancud,CL,-41.8697,-73.8203,52.9,77,100,6.67,overcast clouds
689,Zawiercie,PL,50.4877,19.4168,47.44,97,95,4.0,overcast clouds
690,Monterotondo,IT,42.0525,12.6187,64.62,87,99,5.99,overcast clouds
691,Igarka,RU,67.4667,86.5833,26.91,95,85,9.86,overcast clouds
692,Kyzyl-Suu,KG,42.3414,78.0056,52.0,52,100,5.06,overcast clouds
693,Rio Gallegos,AR,-51.6226,-69.2181,51.85,82,100,14.97,light rain
694,Issia,CI,6.4922,-6.5856,71.87,98,100,1.92,light rain
695,Wiwili,NI,13.6268,-85.8254,83.64,77,80,2.62,broken clouds
696,Fonte Boa,BR,-2.4959,-66.2662,85.12,60,99,5.06,overcast clouds
697,Misratah,LY,32.3754,15.0925,78.93,77,2,17.74,clear sky
698,Dalbandin,PK,28.8947,64.4101,77.58,12,0,2.91,clear sky
699,Francisco Beltrao,BR,-26.0811,-53.055,63.43,87,100,3.0,overcast clouds
700,Kimberley,ZA,-28.7323,24.7623,76.69,27,0,13.8,clear sky
701,Villiers,ZA,-27.0303,28.6006,67.19,30,1,6.46,clear sky
702,Magnitka,RU,55.3475,59.6961,31.86,87,93,9.78,overcast clouds
